{
  "destinations": [
    {
      "id": "1",
      "name": "Paris",
      "cost": 1200,
      "description": "Paris 🏙️ – Known as the City of Lights, its a romantic and cultural hub Paris, often called the City of Lights, is a timeless destination known for its romance, art, and architecture. Home to iconic landmarks like the Eiffel Tower, Louvre Museum, and Notre-Dame Cathedral, the city is a dream for travelers seeking history and culture. Strolling along the Seine River or exploring the charming streets of Montmartre reveals the city's artistic soul. Paris is also a global fashion and culinary hub, offering everything from high-end boutiques to cozy cafés serving delicious pastries, macarons, and gourmet French cuisine. Whether admiring world-class art or experiencing the vibrant nightlife, Paris captivates visitors with its elegance and charm",
      "popular": true,
      "imageUrl": "https://images.pexels.com/photos/1488315/pexels-photo-1488315.jpeg?auto=compress&cs=tinysrgb&w=1260&h=750&dpr=2"
    },
    {
      "id": "2",
      "name": "Tokyo",
      "cost": 1500,
      "description": "Tokyo 🎎 – A perfect mix of tradition and modernity, offering a unique experience.Tokyo is a fascinating fusion of ancient traditions and cutting-edge technology, offering something for every traveler. The city is home to historic temples like Senso-ji, alongside the neon-lit streets of Shinjuku and Shibuya, where modern life thrives. Visitors can experience the pop culture of Akihabara, shop in the trendy districts of Harajuku and Ginza, or enjoy a peaceful retreat in traditional gardens and shrines. Tokyo’s food scene is world-renowned, from authentic sushi and ramen to innovative Michelin-starred dining. Whether witnessing cherry blossoms in spring or exploring the high-tech attractions of Odaiba, Tokyo delivers a dynamic and unforgettable experience.",
      "popular": true,
      "imageUrl": "https://images.pexels.com/photos/2614818/pexels-photo-2614818.jpeg?auto=compress&cs=tinysrgb&w=1260&h=750&dpr=2"
    },
    {
      "id": "3",
      "name": "New York",
      "cost": 1000,
      "description": "The city that never sleeps, famous for its skyline and vibrant energy.Known as The City That Never Sleeps, New York is a vibrant metropolis filled with energy, diversity, and endless attractions. From the towering skyscrapers of Manhattan to the historic streets of Brooklyn, every corner of the city has a unique charm. Iconic landmarks such as Times Square, the Statue of Liberty, and Central Park offer classic sightseeing experiences, while Broadway theaters, museums, and galleries showcase the city's rich cultural scene. Food lovers can indulge in everything from world-famous pizza to gourmet international cuisine. With its fast-paced lifestyle, dazzling nightlife, and diverse neighborhoods, New York offers an unforgettable urban adventure.",
      "popular": false,
      "imageUrl": "https://images.pexels.com/photos/466685/pexels-photo-466685.jpeg?auto=compress&cs=tinysrgb&w=600"
    }
  ],
  "bookings": [
    {
      "id": "0e15",
      "destinationId": "1",
      "fullName": "loki",
      "travelDate": "2025-03-30"
    }
  ]
}