{"flutter":{"platforms":{"android":{"default":{"projectId":"daily-random-challenge","appId":"1:826899001275:android:e5514658ae49299a4d1e9e","fileOutput":"android/app/google-services.json"}},"dart":{"lib/firebase_options.dart":{"projectId":"daily-random-challenge","configurations":{"android":"1:826899001275:android:e5514658ae49299a4d1e9e","ios":"1:826899001275:ios:6b2c5ce23bd7d31b4d1e9e","macos":"1:826899001275:ios:6b2c5ce23bd7d31b4d1e9e","web":"1:826899001275:web:3d6fe3d34aefe5124d1e9e","windows":"1:826899001275:web:e4b11c8af5d945be4d1e9e"}}}}}}