{
  "project_info": {
    "project_number": "826899001275",
    "project_id": "daily-random-challenge",
    "storage_bucket": "daily-random-challenge.firebasestorage.app"
  },
  "client": [
    {
      "client_info": {
        "mobilesdk_app_id": "1:826899001275:android:e5514658ae49299a4d1e9e",
        "android_client_info": {
          "package_name": "com.example.daily_random_challenge"
        }
      },
      "oauth_client": [],
      "api_key": [
        {
          "current_key": "AIzaSyAOkSZLbdpG_Er5HxGQ88Oi_M-b3eH6Ryw"
        }
      ],
      "services": {
        "appinvite_service": {
          "other_platform_oauth_client": []
        }
      }
    }
  ],
  "configuration_version": "1"
}